<?xml version="1.0" encoding="UTF-8"?>
<jarinfo>
<version>13.0</version>
<name>Generation_and_Distribution</name>
<description>
<key>description</key>
<value>A map of the world&#39;s most and least racially tolerant countries</value>
</description>
<deploymentDate>2018-06-18 19:37:03</deploymentDate>
<entries>
<row>
<cell><![CDATA[viewsheet]]></cell>
<cell><![CDATA[Power Management]]></cell>
<cell><![CDATA[~_5b_~object Object~_5d_~]]></cell>
<cell><![CDATA[null]]></cell>
<cell><![CDATA[~_2f_~inetsoft~_2f_~sree~_2f_~web~_2f_~images~_2f_~viewsheet.gif]]></cell>
</row>
</entries>
<assets>
<row>
<cell><![CDATA[PowerAnalysis2]]></cell>
<cell><![CDATA[WORKSHEET]]></cell>
<cell><![CDATA[Power Management]]></cell>
<cell><![CDATA[null]]></cell>
<cell><![CDATA[Shared Viewsheet~_2f_~Power Management depends on Global Worksheet~_2f_~PowerAnalysis2.]]></cell>
<cell><![CDATA[WorksheetAsset: ~_5b_~PowerAnalysis2~_5d_~]]></cell>
</row>
<row>
<cell><![CDATA[8795d12e-90e7-4146-8b1c-7daafc0f2806]]></cell>
<cell><![CDATA[DEVICE]]></cell>
<cell><![CDATA[Power Management]]></cell>
<cell><![CDATA[null]]></cell>
<cell><![CDATA[Shared Viewsheet~_2f_~Power Management depends on Device Extra small devices.]]></cell>
<cell><![CDATA[Extra small devices]]></cell>
</row>
<row>
<cell><![CDATA[409f3e4a-505e-41f3-a199-0f2b5eb63139]]></cell>
<cell><![CDATA[DEVICE]]></cell>
<cell><![CDATA[Power Management]]></cell>
<cell><![CDATA[null]]></cell>
<cell><![CDATA[Shared Viewsheet~_2f_~Power Management depends on Device Small devices.]]></cell>
<cell><![CDATA[Small devices]]></cell>
</row>
<row>
<cell><![CDATA[addLabelShapeTuple]]></cell>
<cell><![CDATA[SCRIPT]]></cell>
<cell><![CDATA[Power Management]]></cell>
<cell><![CDATA[null]]></cell>
<cell><![CDATA[~_27_~Power Management~_27_~ depends on Script ~_27_~addLabelShapeTuple~_27_~.]]></cell>
<cell><![CDATA[ScriptAsset: ~_5b_~addLabelShapeTuple~_5d_~]]></cell>
</row>
</assets>
<overwriting>true</overwriting>
</jarinfo>
