<?xml version="1.0" encoding="UTF-8"?>
<jarinfo>
<version>13.0</version>
<name>Accounts_Receivable_Management</name>
<description>
<key>description</key>
<value>A map of the world&#39;s most and least racially tolerant countries</value>
</description>
<deploymentDate>2018-06-18 20:52:58</deploymentDate>
<entries>
<row>
<cell><![CDATA[viewsheet]]></cell>
<cell><![CDATA[Accounts Receivable]]></cell>
<cell><![CDATA[~_5b_~object Object~_5d_~]]></cell>
<cell><![CDATA[null]]></cell>
<cell><![CDATA[~_2f_~inetsoft~_2f_~sree~_2f_~web~_2f_~images~_2f_~viewsheet.gif]]></cell>
</row>
</entries>
<assets>
<row>
<cell><![CDATA[Accounts Receivable]]></cell>
<cell><![CDATA[WORKSHEET]]></cell>
<cell><![CDATA[Accounts Receivable]]></cell>
<cell><![CDATA[null]]></cell>
<cell><![CDATA[Shared Viewsheet~_2f_~Accounts Receivable depends on Global Worksheet~_2f_~Accounts Receivable.]]></cell>
<cell><![CDATA[WorksheetAsset: ~_5b_~Accounts Receivable~_5d_~]]></cell>
</row>
<row>
<cell><![CDATA[8795d12e-90e7-4146-8b1c-7daafc0f2806]]></cell>
<cell><![CDATA[DEVICE]]></cell>
<cell><![CDATA[Accounts Receivable]]></cell>
<cell><![CDATA[null]]></cell>
<cell><![CDATA[Shared Viewsheet~_2f_~Accounts Receivable depends on Device Extra small devices.]]></cell>
<cell><![CDATA[Extra small devices]]></cell>
</row>
<row>
<cell><![CDATA[409f3e4a-505e-41f3-a199-0f2b5eb63139]]></cell>
<cell><![CDATA[DEVICE]]></cell>
<cell><![CDATA[Accounts Receivable]]></cell>
<cell><![CDATA[null]]></cell>
<cell><![CDATA[Shared Viewsheet~_2f_~Accounts Receivable depends on Device Small devices.]]></cell>
<cell><![CDATA[Small devices]]></cell>
</row>
<row>
<cell><![CDATA[addGShapeTuple]]></cell>
<cell><![CDATA[SCRIPT]]></cell>
<cell><![CDATA[Accounts Receivable]]></cell>
<cell><![CDATA[null]]></cell>
<cell><![CDATA[~_27_~Accounts Receivable~_27_~ depends on Script ~_27_~addGShapeTuple~_27_~.]]></cell>
<cell><![CDATA[ScriptAsset: ~_5b_~addGShapeTuple~_5d_~]]></cell>
</row>
</assets>
<overwriting>true</overwriting>
</jarinfo>
