<?xml version="1.0" encoding="UTF-8"?>
<jarinfo>
<version>13.1</version>
<name>AccessChartData</name>
<alias>
<key>Examples</key>
<value>Examples</value>
</alias>
<deploymentDate>2025-11-20 16:26:28</deploymentDate>
<entries>
<entry>
<type>VIEWSHEET</type>
<path>DocScriptExamples/AccessChartData</path>
<user>__NULL__</user>
<icon>/inetsoft/sree/web/images/viewsheet.gif</icon>
<lastModifiedTime>1763592694000</lastModifiedTime>
</entry>
</entries>
<assets>
<asset>
<type>WORKSHEET</type>
<path>Examples/Sales Explore</path>
<typeDescription>WorksheetAsset: [Examples/Sales Explore]</typeDescription>
<requiredBy>DocScriptExamples/AccessChartData</requiredBy>
<detailDescription>Dashboard/DocScriptExamples/AccessChartData depends on Data Worksheet/Examples/Sales Explore.</detailDescription>
<lastModifiedTime>1527185199000</lastModifiedTime>
</asset>
<asset>
<type>XDATASOURCE</type>
<path>Examples/Orders</path>
<typeDescription>XDataSourceAsset: [Examples/Orders]</typeDescription>
<requiredBy>Examples/Orders^Order View</requiredBy>
<detailDescription>Physical view &#39;Order View&#39; depends on data source &#39;Examples/Orders&#39;.</detailDescription>
</asset>
<asset>
<type>XLOGICALMODEL</type>
<path>Examples/Orders^Order Model</path>
<typeDescription>XLogicalModelAsset: [Examples/Orders^Order Model]</typeDescription>
<requiredBy>Examples/Sales Explore</requiredBy>
<detailDescription>Assembly &#39;Sales&#39; in Data Worksheet depends on logical model &#39;Order Model&#39; in data source &#39;Examples/Orders&#39;.</detailDescription>
<lastModifiedTime>1758920982000</lastModifiedTime>
</asset>
<asset>
<type>XPARTITION</type>
<path>Examples/Orders^Order View</path>
<typeDescription>XPartitionAsset: [Examples/Orders^Order View]</typeDescription>
<requiredBy>Examples/Orders^Order Model</requiredBy>
<detailDescription>Logical model &#39;Order Model&#39; in data source &#39;Examples/Orders&#39; depends on Physical view &#39;Order View&#39;.</detailDescription>
</asset>
</assets>
<overwriting>true</overwriting>
</jarinfo>
