<?xml version="1.0" encoding="UTF-8"?>
<jarinfo>
<version>13.1</version>
<name>OrderList</name>
<alias>
<key>Examples</key>
<value>Examples</value>
</alias>
<deploymentDate>2024-08-09 18:22:58</deploymentDate>
<entries>
<entry>
<type>VIEWSHEET</type>
<path>OrderList</path>
<user>__NULL__</user>
<icon>/inetsoft/sree/web/images/viewsheet.gif</icon>
<lastModifiedTime>1723227384000</lastModifiedTime>
</entry>
</entries>
<assets>
<asset>
<type>BEAN</type>
<path>InetSoft Header</path>
<typeDescription>BeanAsset: [InetSoft Header]</typeDescription>
<requiredBy>Examples/OrderList, Examples/Inventory Detail</requiredBy>
<detailDescription>Element &#39;Bean1&#39; in replet &#39;Examples/OrderList&#39; depends on bean &#39;InetSoft Header&#39;. Element &#39;Bean1&#39; in replet &#39;Examples/Inventory Detail&#39; depends on bean &#39;InetSoft Header&#39;.</detailDescription>
</asset>
<asset>
<type>REPLET</type>
<path>Examples/Inventory Detail</path>
<typeDescription>RepletAsset: [Examples/Inventory Detail]</typeDescription>
<requiredBy>Examples/OrderList, Examples/Inventory Detail, OrderList</requiredBy>
<detailDescription>Report &#39;Examples/OrderList&#39; depends on Report &#39;Examples/Inventory Detail&#39;. Report &#39;Examples/Inventory Detail&#39; depends on Report &#39;Examples/Inventory Detail&#39;. OrderList depends on Report &#39;Examples/Inventory Detail&#39;.</detailDescription>
</asset>
<asset>
<type>REPLET</type>
<path>Examples/Mailing Labels</path>
<typeDescription>RepletAsset: [Examples/Mailing Labels]</typeDescription>
<requiredBy>Examples/OrderList, Examples/Inventory Detail, OrderList</requiredBy>
<detailDescription>Report &#39;Examples/OrderList&#39; depends on Report &#39;Examples/Mailing Labels&#39;. Report &#39;Examples/Inventory Detail&#39; depends on Report &#39;Examples/Mailing Labels&#39;. OrderList depends on Report &#39;Examples/Mailing Labels&#39;.</detailDescription>
</asset>
<asset>
<type>REPLET</type>
<path>Examples/OrderList</path>
<typeDescription>RepletAsset: [Examples/OrderList]</typeDescription>
<requiredBy>OrderList, Examples/OrderList, Examples/Inventory Detail</requiredBy>
<detailDescription>OrderList depends on Report &#39;Examples/OrderList&#39;. Report &#39;Examples/OrderList&#39; depends on Report &#39;Examples/OrderList&#39;. Report &#39;Examples/Inventory Detail&#39; depends on Report &#39;Examples/OrderList&#39;.</detailDescription>
</asset>
<asset>
<type>TABLESTYLE</type>
<path>Dark Header Clean Bands-1</path>
<typeDescription>TableStyleAsset: [Dark Header Clean Bands-1]</typeDescription>
<requiredBy>OrderList</requiredBy>
<detailDescription>Assembly &#39;TableView1&#39; in Dashboard depends on table style &#39;Dark Header Clean Bands-1&#39;.</detailDescription>
</asset>
<asset>
<type>TABLESTYLE</type>
<path>Grey~Clean Bands</path>
<typeDescription>TableStyleAsset: [Grey~Clean Bands]</typeDescription>
<requiredBy>Examples/Inventory Detail</requiredBy>
<detailDescription>Table element &#39;Table5&#39; in report depends on table style &#39;Grey~Clean Bands&#39;.</detailDescription>
</asset>
<asset>
<type>TABLESTYLE</type>
<path>User Defined~CustomTableStyle6</path>
<typeDescription>TableStyleAsset: [User Defined~CustomTableStyle6]</typeDescription>
<requiredBy>Examples/OrderList</requiredBy>
<detailDescription>Table element &#39;Orders&#39; in report depends on table style &#39;User Defined~CustomTableStyle6&#39;.</detailDescription>
</asset>
<asset>
<type>XDATASOURCE</type>
<path>Examples/Orders</path>
<typeDescription>XDataSourceAsset: [Examples/Orders]</typeDescription>
<requiredBy>Examples/Orders^Order View, customers</requiredBy>
<detailDescription>Physical view &#39;Order View&#39; depends on data source &#39;Examples/Orders&#39;. Query &#39;customers&#39; depends on data source &#39;Examples/Orders&#39;.</detailDescription>
</asset>
<asset>
<type>XLOGICALMODEL</type>
<path>Examples/Orders^Order Model</path>
<typeDescription>XLogicalModelAsset: [Examples/Orders^Order Model]</typeDescription>
<requiredBy>OrderList, Examples/OrderList, Examples/Inventory Detail</requiredBy>
<detailDescription>Dashboard/OrderList depends on Data Source/Examples/Orders/Order Model. Element &#39;Orders&#39; in replet &#39;Examples/OrderList&#39; depends on logical model &#39;Order Model&#39; in data source &#39;Examples/Orders&#39;. Element &#39;Table5&#39; in replet &#39;Examples/Inventory Detail&#39; depends on logical model &#39;Order Model&#39; in data source &#39;Examples/Orders&#39;.</detailDescription>
</asset>
<asset>
<type>XPARTITION</type>
<path>Examples/Orders^Order View</path>
<typeDescription>XPartitionAsset: [Examples/Orders^Order View]</typeDescription>
<requiredBy>Examples/Orders^Order Model</requiredBy>
<detailDescription>Logical model &#39;Order Model&#39; in data source &#39;Examples/Orders&#39; depends on Physical view &#39;Order View&#39;.</detailDescription>
</asset>
<asset>
<type>XQUERY</type>
<path>customers</path>
<typeDescription>XQueryAsset: [customers]</typeDescription>
<requiredBy>Examples/Mailing Labels</requiredBy>
<detailDescription>Element &#39;Section1&#39; in replet &#39;Examples/Mailing Labels&#39; depends on Query &#39;customers&#39;.</detailDescription>
</asset>
</assets>
<overwriting>true</overwriting>
</jarinfo>
