<?xml version="1.0" encoding="UTF-8"?>
<jarinfo>
<version>13.0</version>
<name>Financial_Client_Demographics</name>
<alias>
<key>1^2^__NULL__^Shared/oSxDNQOE</key>
<value>Wachoo Financial</value>
</alias>
<description>
<key>description</key>
<value>A map of the world&#39;s most and least racially tolerant countries</value>
</description>
<deploymentDate>2018-06-18 20:32:59</deploymentDate>
<entries>
<row>
<cell><![CDATA[viewsheet]]></cell>
<cell><![CDATA[Wachoo3]]></cell>
<cell><![CDATA[~_5b_~object Object~_5d_~]]></cell>
<cell><![CDATA[null]]></cell>
<cell><![CDATA[~_2f_~inetsoft~_2f_~sree~_2f_~web~_2f_~images~_2f_~viewsheet.gif]]></cell>
</row>
</entries>
<assets>
<row>
<cell><![CDATA[Shared~_2f_~oSxDNQOE]]></cell>
<cell><![CDATA[WORKSHEET]]></cell>
<cell><![CDATA[Wachoo3]]></cell>
<cell><![CDATA[null]]></cell>
<cell><![CDATA[Shared Viewsheet~_2f_~Wachoo3 depends on Global Worksheet~_2f_~Shared~_2f_~Wachoo Financial.]]></cell>
<cell><![CDATA[WorksheetAsset: ~_5b_~Shared~_2f_~oSxDNQOE~_5d_~]]></cell>
</row>
<row>
<cell><![CDATA[8795d12e-90e7-4146-8b1c-7daafc0f2806]]></cell>
<cell><![CDATA[DEVICE]]></cell>
<cell><![CDATA[Wachoo3]]></cell>
<cell><![CDATA[null]]></cell>
<cell><![CDATA[Shared Viewsheet~_2f_~Wachoo3 depends on Device Extra small devices.]]></cell>
<cell><![CDATA[Extra small devices]]></cell>
</row>
<row>
<cell><![CDATA[409f3e4a-505e-41f3-a199-0f2b5eb63139]]></cell>
<cell><![CDATA[DEVICE]]></cell>
<cell><![CDATA[Wachoo3]]></cell>
<cell><![CDATA[null]]></cell>
<cell><![CDATA[Shared Viewsheet~_2f_~Wachoo3 depends on Device Small devices.]]></cell>
<cell><![CDATA[Small devices]]></cell>
</row>
<row>
<cell><![CDATA[75a882db-8a62-4d4e-904f-854e8ad1e7ac]]></cell>
<cell><![CDATA[DEVICE]]></cell>
<cell><![CDATA[Wachoo3]]></cell>
<cell><![CDATA[null]]></cell>
<cell><![CDATA[Shared Viewsheet~_2f_~Wachoo3 depends on Device Medium devices.]]></cell>
<cell><![CDATA[Medium devices]]></cell>
</row>
</assets>
<overwriting>true</overwriting>
</jarinfo>
