<?xml version="1.0" encoding="UTF-8"?>
<jarinfo>
<version>13.1</version>
<name>AxisSpecSetGridColor2</name>
<alias>
<key>1^2^__NULL__^Examples/Sales Explore Embedded^host-org</key>
<value></value>
</alias>
<description>
<key>Examples/Sales Explore Embedded</key>
<value></value>
</description>
<deploymentDate>2025-12-22 22:58:26</deploymentDate>
<entries>
<entry>
<type>VIEWSHEET</type>
<path>DocScriptExamples/AxisSpecSetGridColor2</path>
<user>__NULL__~;~host-org</user>
<icon>/inetsoft/sree/web/images/viewsheet.gif</icon>
<lastModifiedTime>1766420928002</lastModifiedTime>
</entry>
</entries>
<assets>
<asset>
<type>WORKSHEET</type>
<path>Examples/Sales Explore Embedded</path>
<typeDescription>WorksheetAsset: [Examples/Sales Explore Embedded]</typeDescription>
<requiredBy>DocScriptExamples/AxisSpecSetGridColor2</requiredBy>
<detailDescription>Dashboard/DocScriptExamples/AxisSpecSetGridColor2 depends on Data Worksheet/Examples/Sales Explore Embedded.</detailDescription>
<lastModifiedTime>1766079879370</lastModifiedTime>
<assetDescription></assetDescription>
</asset>
</assets>
<overwriting>false</overwriting>
</jarinfo>
