<?xml version="1.0" encoding="UTF-8"?>
<jarinfo>
<version>13.0</version>
<name>Employee Sales</name>
<deploymentDate>2018-06-19 13:43:53</deploymentDate>
<entries>
<row>
<cell><![CDATA[query]]></cell>
<cell><![CDATA[Employee Sales]]></cell>
<cell><![CDATA[null]]></cell>
<cell><![CDATA[__NULL__]]></cell>
<cell><![CDATA[~_2f_~inetsoft~_2f_~sree~_2f_~portal~_2f_~images~_2f_~modern~_2f_~query.gif]]></cell>
</row>
</entries>
<assets>
</assets>
<overwriting>true</overwriting>
</jarinfo>
