<?xml version="1.0" encoding="UTF-8"?>
<jarinfo>
<version>13.1</version>
<name>Executive_Sales_Summary</name>
<description>
<key>Examples/Sales Summary</key>
<value>A map of the world&#39;s most and least racially tolerant countries</value>
</description>
<deploymentDate>2026-02-17 19:19:04</deploymentDate>
<entries>
<entry>
<type>VIEWSHEET</type>
<path>Examples/Sales Summary</path>
<user>__NULL__~;~host-org</user>
<icon>/inetsoft/sree/web/images/viewsheet.gif</icon>
<lastModifiedTime>1527083208708</lastModifiedTime>
</entry>
</entries>
<assets>
<asset>
<type>DEVICE</type>
<path>8795d12e-90e7-4146-8b1c-7daafc0f2806</path>
<typeDescription>Extra small devices</typeDescription>
<requiredBy>Examples/Sales Summary</requiredBy>
<detailDescription>Dashboard/Examples/Sales Summary depends on Device Extra small devices.</detailDescription>
</asset>
<asset>
<type>DEVICE</type>
<path>75a882db-8a62-4d4e-904f-854e8ad1e7ac</path>
<typeDescription>Medium devices</typeDescription>
<requiredBy>Examples/Sales Summary</requiredBy>
<detailDescription>Dashboard/Examples/Sales Summary depends on Device Medium devices.</detailDescription>
</asset>
<asset>
<type>DEVICE</type>
<path>409f3e4a-505e-41f3-a199-0f2b5eb63139</path>
<typeDescription>Small devices</typeDescription>
<requiredBy>Examples/Sales Summary</requiredBy>
<detailDescription>Dashboard/Examples/Sales Summary depends on Device Small devices.</detailDescription>
</asset>
<asset>
<type>WORKSHEET</type>
<path>Examples/Sales Revenue</path>
<typeDescription>WorksheetAsset: [Examples/Sales Revenue]</typeDescription>
<requiredBy>Examples/Sales Summary</requiredBy>
<detailDescription>Dashboard/Examples/Sales Summary depends on Data Worksheet/Examples/Sales Revenue.</detailDescription>
<lastModifiedTime>1526483543428</lastModifiedTime>
</asset>
</assets>
<overwriting>false</overwriting>
</jarinfo>
