<?xml version="1.0" encoding="UTF-8"?>
<jarinfo>
<version>13.0</version>
<name>Executive_Sales_Summary</name>
<description>
<key>description</key>
<value>Sample Orders Dashboard</value>
</description>
<deploymentDate>2018-06-18 21:08:55</deploymentDate>
<entries>
<row>
<cell><![CDATA[viewsheet]]></cell>
<cell><![CDATA[Sales Summary]]></cell>
<cell><![CDATA[~_5b_~object Object~_5d_~]]></cell>
<cell><![CDATA[null]]></cell>
<cell><![CDATA[~_2f_~inetsoft~_2f_~sree~_2f_~web~_2f_~images~_2f_~viewsheet.gif]]></cell>
</row>
</entries>
<assets>
<row>
<cell><![CDATA[Sales Revenue data worksheet]]></cell>
<cell><![CDATA[WORKSHEET]]></cell>
<cell><![CDATA[Sales Summary]]></cell>
<cell><![CDATA[null]]></cell>
<cell><![CDATA[Shared Viewsheet~_2f_~Sales Summary depends on Shared Worksheet~_2f_~Sales Revenue data worksheet.]]></cell>
<cell><![CDATA[WorksheetAsset: ~_5b_~Sales Revenue data worksheet~_5d_~]]></cell>
</row>
<row>
<cell><![CDATA[8795d12e-90e7-4146-8b1c-7daafc0f2806]]></cell>
<cell><![CDATA[DEVICE]]></cell>
<cell><![CDATA[Sales Summary]]></cell>
<cell><![CDATA[null]]></cell>
<cell><![CDATA[Shared Viewsheet~_2f_~Sales Summary depends on Device Extra small devices.]]></cell>
<cell><![CDATA[Extra small devices]]></cell>
</row>
<row>
<cell><![CDATA[409f3e4a-505e-41f3-a199-0f2b5eb63139]]></cell>
<cell><![CDATA[DEVICE]]></cell>
<cell><![CDATA[Sales Summary]]></cell>
<cell><![CDATA[null]]></cell>
<cell><![CDATA[Shared Viewsheet~_2f_~Sales Summary depends on Device Small devices.]]></cell>
<cell><![CDATA[Small devices]]></cell>
</row>
<row>
<cell><![CDATA[75a882db-8a62-4d4e-904f-854e8ad1e7ac]]></cell>
<cell><![CDATA[DEVICE]]></cell>
<cell><![CDATA[Sales Summary]]></cell>
<cell><![CDATA[null]]></cell>
<cell><![CDATA[Shared Viewsheet~_2f_~Sales Summary depends on Device Medium devices.]]></cell>
<cell><![CDATA[Medium devices]]></cell>
</row>
</assets>
<overwriting>true</overwriting>
</jarinfo>
