<?xml version="1.0" encoding="UTF-8"?>
<jarinfo>
<version>13.1</version>
<name>chart</name>
<alias>
<key>Examples</key>
<value>Examples</value>
</alias>
<deploymentDate>2025-11-26 10:34:19</deploymentDate>
<entries>
<entry>
<type>VIEWSHEET</type>
<path>chart</path>
<user>__NULL__~;~host-org</user>
<icon>/inetsoft/sree/web/images/viewsheet.gif</icon>
<lastModifiedTime>1764124433508</lastModifiedTime>
</entry>
</entries>
<assets>
<asset>
<type>XDATASOURCE</type>
<path>Examples/Orders</path>
<typeDescription>XDataSourceAsset: [Examples/Orders]</typeDescription>
<requiredBy>chart</requiredBy>
<detailDescription>仪表盘/chart依赖于数据源/Examples/Orders/TABLE/SA/CUSTOMERS。</detailDescription>
</asset>
</assets>
<overwriting>true</overwriting>
</jarinfo>
