<?xml version="1.0" encoding="UTF-8"?>
<jarinfo>
<version>13.1</version>
<name>AddChartDecoration2</name>
<description>
<key>Examples/Census Data</key>
<value>A map of the world&#39;s most and least racially tolerant countries</value>
</description>
<description>
<key>Examples/Census</key>
<value>Data on Construction orders and employee productivity</value>
</description>
<deploymentDate>2025-12-16 16:28:32</deploymentDate>
<entries>
<entry>
<type>VIEWSHEET</type>
<path>DocScriptExamples/AddChartDecoration2</path>
<user>__NULL__~;~host-org</user>
<icon>/inetsoft/sree/web/images/viewsheet.gif</icon>
<lastModifiedTime>1765902254494</lastModifiedTime>
</entry>
</entries>
<assets>
<asset>
<type>DEVICE</type>
<path>8795d12e-90e7-4146-8b1c-7daafc0f2806</path>
<typeDescription>Extra small devices</typeDescription>
<requiredBy>Examples/Census</requiredBy>
<detailDescription>Dashboard/Examples/Census depends on Device Extra small devices.</detailDescription>
</asset>
<asset>
<type>DEVICE</type>
<path>409f3e4a-505e-41f3-a199-0f2b5eb63139</path>
<typeDescription>Small devices</typeDescription>
<requiredBy>Examples/Census</requiredBy>
<detailDescription>Dashboard/Examples/Census depends on Device Small devices.</detailDescription>
</asset>
<asset>
<type>VIEWSHEET</type>
<path>Examples/Census</path>
<typeDescription>ViewsheetAsset: [Examples/Census]</typeDescription>
<requiredBy>Examples/Orders^Order Model, Examples/Orders^Order Model^(Default Connection), DocScriptExamples/AddChartDecoration2</requiredBy>
<detailDescription>Auto-drill of logical model &#39;Order Model&#39; in data source &#39;Examples/Orders&#39; depends on Viewsheet &#39;Examples/Census&#39;. Auto-drill of logical model &#39;Order Model&#39; in data source &#39;Examples/Orders&#39; depends on Viewsheet &#39;Examples/Census&#39;. Viewsheet &#39;DocScriptExamples/AddChartDecoration2&#39; depends on Dashboard/Examples/Census.</detailDescription>
<lastModifiedTime>1527081643174</lastModifiedTime>
</asset>
<asset>
<type>WORKSHEET</type>
<path>Examples/Census Data</path>
<typeDescription>WorksheetAsset: [Examples/Census Data]</typeDescription>
<requiredBy>Examples/Census</requiredBy>
<detailDescription>Dashboard/Examples/Census depends on Data Worksheet/Examples/Census Data.</detailDescription>
<lastModifiedTime>1546898009767</lastModifiedTime>
<assetDescription>A map of the world&#39;s most and least racially tolerant countries</assetDescription>
</asset>
<asset>
<type>XDATASOURCE</type>
<path>Examples/Orders</path>
<typeDescription>XDataSourceAsset: [Examples/Orders]</typeDescription>
<requiredBy>Examples/Orders^Order View, Examples/Orders^Order View^(Default Connection), Examples/Orders^Order Model^(Default Connection)</requiredBy>
<detailDescription>Physical view &#39;Order View&#39; depends on data source &#39;Examples/Orders&#39;. Physical view &#39;(Default Connection)&#39; depends on data source &#39;Examples/Orders&#39;. Logical model &#39;(Default Connection)&#39; in data source &#39;Examples/Orders&#39; depends on data source &#39;Examples/Orders^(Default Connection)&#39;.</detailDescription>
<lastModifiedTime>1764686819253</lastModifiedTime>
</asset>
<asset>
<type>XLOGICALMODEL</type>
<path>Examples/Orders^Order Model</path>
<typeDescription>XLogicalModelAsset: [Examples/Orders^Order Model]</typeDescription>
<requiredBy>Examples/Orders^Order Model^(Default Connection), DocScriptExamples/AddChartDecoration2</requiredBy>
<detailDescription>Logical model &#39;(Default Connection)&#39; in data source &#39;Examples/Orders&#39; depends on Logical model &#39;Order Model&#39; in data source &#39;Examples/Orders&#39;. Dashboard/DocScriptExamples/AddChartDecoration2 depends on Data Source/Examples/Orders/Order Model.</detailDescription>
<lastModifiedTime>1765902254760</lastModifiedTime>
</asset>
<asset>
<type>XLOGICALMODEL</type>
<path>Examples/Orders^Order Model^(Default Connection)</path>
<typeDescription>XLogicalModelAsset: [Examples/Orders^Order Model^(Default Connection)]</typeDescription>
<requiredBy>DocScriptExamples/AddChartDecoration2</requiredBy>
<detailDescription>Dashboard/DocScriptExamples/AddChartDecoration2 depends on Data Source/Examples/Orders/Order Model.</detailDescription>
<lastModifiedTime>1765902254760</lastModifiedTime>
</asset>
<asset>
<type>XPARTITION</type>
<path>Examples/Orders^Order View</path>
<typeDescription>XPartitionAsset: [Examples/Orders^Order View]</typeDescription>
<requiredBy>Examples/Orders^Order Model, Examples/Orders^Order View^(Default Connection)</requiredBy>
<detailDescription>Logical model &#39;Order Model&#39; in data source &#39;Examples/Orders&#39; depends on Physical view &#39;Order View&#39;. Physical view &#39;(Default Connection)&#39; depends on Physical view &#39;Order View&#39;.</detailDescription>
</asset>
<asset>
<type>XPARTITION</type>
<path>Examples/Orders^Order View^(Default Connection)</path>
<typeDescription>XPartitionAsset: [Examples/Orders^Order View^(Default Connection)]</typeDescription>
<requiredBy>Examples/Orders^Order Model^(Default Connection)</requiredBy>
<detailDescription>Logical model &#39;(Default Connection)&#39; in data source &#39;Examples/Orders&#39; depends on Physical view &#39;Order View^(Default Connection)&#39;.</detailDescription>
</asset>
</assets>
<overwriting>false</overwriting>
</jarinfo>
