<?xml version="1.0" encoding="UTF-8"?>
<jarinfo>
<version>13.1</version>
<name>StyleBIExamples</name>
<alias>
<key>Examples</key>
<value>Examples</value>
</alias>
<description>
<key>Examples/Census Data</key>
<value>A map of the world&#39;s most and least racially tolerant countries</value>
</description>
<description>
<key>Examples/Prius Worksheet</key>
<value>A map of the world&#39;s most and least racially tolerant countries</value>
</description>
<description>
<key>Examples/Order Details</key>
<value>A map of the world&#39;s most and least racially tolerant countries</value>
</description>
<description>
<key>Examples/Construction Data</key>
<value>A map of the world&#39;s most and least racially tolerant countries</value>
</description>
<description>
<key>Examples/Hurricane</key>
<value>A map of the world&#39;s most and least racially tolerant countries</value>
</description>
<description>
<key>Examples/Racial Tolerance</key>
<value>A map of the world&#39;s most and least racially tolerant countries</value>
</description>
<description>
<key>Examples/Sales Revenue</key>
<value>A map of the world&#39;s most and least racially tolerant countries</value>
</description>
<description>
<key>Examples/Death Causes</key>
<value>A map of the world&#39;s most and least racially tolerant countries</value>
</description>
<deploymentDate>2024-12-04 20:01:02</deploymentDate>
<entries>
<entry>
<type>WORKSHEET</type>
<path>Examples/All Sales</path>
<user>__NULL__~;~host-org</user>
<icon>/inetsoft/sree/portal/images/modern/ws-table.gif</icon>
<lastModifiedTime>1733328755000</lastModifiedTime>
</entry>
<entry>
<type>WORKSHEET</type>
<path>Examples/Analysis</path>
<user>__NULL__~;~host-org</user>
<icon>/inetsoft/sree/portal/images/modern/ws-table.gif</icon>
<lastModifiedTime>1527185199000</lastModifiedTime>
</entry>
<entry>
<type>WORKSHEET</type>
<path>Examples/Call Center Monitoring</path>
<user>__NULL__~;~host-org</user>
<icon>/inetsoft/sree/portal/images/modern/ws-table.gif</icon>
<lastModifiedTime>1524233917000</lastModifiedTime>
</entry>
<entry>
<type>WORKSHEET</type>
<path>Examples/Census Data</path>
<user>__NULL__~;~host-org</user>
<icon>/inetsoft/sree/portal/images/modern/ws-table.gif</icon>
<lastModifiedTime>1546898009000</lastModifiedTime>
</entry>
<entry>
<type>WORKSHEET</type>
<path>Examples/Construction Data</path>
<user>__NULL__~;~host-org</user>
<icon>/inetsoft/sree/portal/images/modern/ws-table.gif</icon>
<lastModifiedTime>1548104094000</lastModifiedTime>
</entry>
<entry>
<type>WORKSHEET</type>
<path>Examples/Death Causes</path>
<user>__NULL__~;~host-org</user>
<icon>/inetsoft/sree/portal/images/modern/ws-table.gif</icon>
<lastModifiedTime>1546897990000</lastModifiedTime>
</entry>
<entry>
<type>WORKSHEET</type>
<path>Examples/Fast Go Game</path>
<user>__NULL__~;~host-org</user>
<icon>/inetsoft/sree/portal/images/modern/ws-table.gif</icon>
<lastModifiedTime>1733329397000</lastModifiedTime>
</entry>
<entry>
<type>WORKSHEET</type>
<path>Examples/Hurricane</path>
<user>__NULL__~;~host-org</user>
<icon>/inetsoft/sree/portal/images/modern/ws-table.gif</icon>
<lastModifiedTime>1733330956000</lastModifiedTime>
</entry>
<entry>
<type>WORKSHEET</type>
<path>Examples/Map Points</path>
<user>__NULL__~;~host-org</user>
<icon>/inetsoft/sree/portal/images/modern/ws-table.gif</icon>
<lastModifiedTime>1527185199000</lastModifiedTime>
</entry>
<entry>
<type>WORKSHEET</type>
<path>Examples/Order Details</path>
<user>__NULL__~;~host-org</user>
<icon>/inetsoft/sree/portal/images/modern/ws-table.gif</icon>
<lastModifiedTime>1546897989000</lastModifiedTime>
</entry>
<entry>
<type>WORKSHEET</type>
<path>Examples/Prius Worksheet</path>
<user>__NULL__~;~host-org</user>
<icon>/inetsoft/sree/portal/images/modern/ws-table.gif</icon>
<lastModifiedTime>1546897994000</lastModifiedTime>
</entry>
<entry>
<type>WORKSHEET</type>
<path>Examples/ProductSales</path>
<user>__NULL__~;~host-org</user>
<icon>/inetsoft/sree/portal/images/modern/ws-table.gif</icon>
<lastModifiedTime>1527185199000</lastModifiedTime>
</entry>
<entry>
<type>WORKSHEET</type>
<path>Examples/Projection</path>
<user>__NULL__~;~host-org</user>
<icon>/inetsoft/sree/portal/images/modern/ws-table.gif</icon>
<lastModifiedTime>1519845515000</lastModifiedTime>
</entry>
<entry>
<type>WORKSHEET</type>
<path>Examples/Racial Tolerance</path>
<user>__NULL__~;~host-org</user>
<icon>/inetsoft/sree/portal/images/modern/ws-table.gif</icon>
<lastModifiedTime>1546897990000</lastModifiedTime>
</entry>
<entry>
<type>WORKSHEET</type>
<path>Examples/Sales Explore</path>
<user>__NULL__~;~host-org</user>
<icon>/inetsoft/sree/portal/images/modern/ws-table.gif</icon>
<lastModifiedTime>1527185199000</lastModifiedTime>
</entry>
<entry>
<type>WORKSHEET</type>
<path>Examples/Sales Revenue</path>
<user>__NULL__~;~host-org</user>
<icon>/inetsoft/sree/portal/images/modern/ws-table.gif</icon>
<lastModifiedTime>1526483543000</lastModifiedTime>
</entry>
<entry>
<type>WORKSHEET</type>
<path>Examples/Wireless Mouse</path>
<user>__NULL__~;~host-org</user>
<icon>/inetsoft/sree/portal/images/modern/ws-table.gif</icon>
<lastModifiedTime>1733333369000</lastModifiedTime>
</entry>
<entry>
<type>WORKSHEET</type>
<path>Examples/customers</path>
<user>__NULL__~;~host-org</user>
<icon>/inetsoft/sree/portal/images/modern/ws-table.gif</icon>
<lastModifiedTime>1733333673000</lastModifiedTime>
</entry>
<entry>
<type>WORKSHEET</type>
<path>Examples/sales by state</path>
<user>__NULL__~;~host-org</user>
<icon>/inetsoft/sree/portal/images/modern/ws-table.gif</icon>
<lastModifiedTime>1733333821000</lastModifiedTime>
</entry>
</entries>
<assets>
<asset>
<type>XDATASOURCE</type>
<path>Examples/Orders</path>
<typeDescription>XDataSourceAsset: [Examples/Orders]</typeDescription>
<requiredBy>Examples/All Sales, Examples/All Sales, Examples/All Sales, Examples/All Sales, Examples/All Sales, Examples/All Sales, Examples/Orders^Order View, Examples/Fast Go Game, Examples/Fast Go Game, Examples/Fast Go Game, Examples/Fast Go Game, Examples/Fast Go Game, Examples/Orders^Order View, Examples/Orders^Order View, Examples/Orders^Order View, Examples/Wireless Mouse, Examples/Wireless Mouse, Examples/Wireless Mouse, Examples/Wireless Mouse, Examples/Wireless Mouse, Examples/customers, Examples/customers, Examples/sales by state, Examples/sales by state, Examples/sales by state, Examples/sales by state, Examples/sales by state</requiredBy>
<detailDescription>Assembly &#39;CUSTOMERS1&#39; in Data Worksheet depends on physical table &#39;CUSTOMERS&#39; in data source &#39;Examples/Orders&#39;. Examples/All Sales depends on data source &#39;Examples/Orders&#39;. Assembly &#39;ORDERS1&#39; in Data Worksheet depends on physical table &#39;ORDERS&#39; in data source &#39;Examples/Orders&#39;. Assembly &#39;ORDER_DETAILS1&#39; in Data Worksheet depends on physical table &#39;ORDER_DETAILS&#39; in data source &#39;Examples/Orders&#39;. Assembly &#39;PRODUCTS1&#39; in Data Worksheet depends on physical table &#39;PRODUCTS&#39; in data source &#39;Examples/Orders&#39;. Assembly &#39;SALES_EMPLOYEES1&#39; in Data Worksheet depends on physical table &#39;SALES_EMPLOYEES&#39; in data source &#39;Examples/Orders&#39;. Physical view &#39;Order View&#39; depends on data source &#39;Examples/Orders&#39;. Assembly &#39;CUSTOMERS1&#39; in Data Worksheet depends on physical table &#39;CUSTOMERS&#39; in data source &#39;Examples/Orders&#39;. Examples/Fast Go Game depends on data source &#39;Examples/Orders&#39;. Assembly &#39;ORDERS1&#39; in Data Worksheet depends on physical table &#39;ORDERS&#39; in data source &#39;Examples/Orders&#39;. Assembly &#39;ORDER_DETAILS1&#39; in Data Worksheet depends on physical table &#39;ORDER_DETAILS&#39; in data source &#39;Examples/Orders&#39;. Assembly &#39;PRODUCTS1&#39; in Data Worksheet depends on physical table &#39;PRODUCTS&#39; in data source &#39;Examples/Orders&#39;. Physical view &#39;Order View&#39; depends on data source &#39;Examples/Orders&#39;. Physical view &#39;Order View&#39; depends on data source &#39;Examples/Orders&#39;. Physical view &#39;Order View&#39; depends on data source &#39;Examples/Orders&#39;. Assembly &#39;CUSTOMERS1&#39; in Data Worksheet depends on physical table &#39;CUSTOMERS&#39; in data source &#39;Examples/Orders&#39;. Examples/Wireless Mouse depends on data source &#39;Examples/Orders&#39;. Assembly &#39;ORDERS1&#39; in Data Worksheet depends on physical table &#39;ORDERS&#39; in data source &#39;Examples/Orders&#39;. Assembly &#39;ORDER_DETAILS1&#39; in Data Worksheet depends on physical table &#39;ORDER_DETAILS&#39; in data source &#39;Examples/Orders&#39;. Assembly &#39;PRODUCTS1&#39; in Data Worksheet depends on physical table &#39;PRODUCTS&#39; in data source &#39;Examples/Orders&#39;. Assembly &#39;customers&#39; in Data Worksheet depends on physical table &#39;CUSTOMERS&#39; in data source &#39;Examples/Orders&#39;. Examples/customers depends on data source &#39;Examples/Orders&#39;. Assembly &#39;CUSTOMERS2&#39; in Data Worksheet depends on physical table &#39;CUSTOMERS&#39; in data source &#39;Examples/Orders&#39;. Examples/sales by state depends on data source &#39;Examples/Orders&#39;. Assembly &#39;ORDERS2&#39; in Data Worksheet depends on physical table &#39;ORDERS&#39; in data source &#39;Examples/Orders&#39;. Assembly &#39;ORDER_DETAILS2&#39; in Data Worksheet depends on physical table &#39;ORDER_DETAILS&#39; in data source &#39;Examples/Orders&#39;. Assembly &#39;PRODUCTS2&#39; in Data Worksheet depends on physical table &#39;PRODUCTS&#39; in data source &#39;Examples/Orders&#39;.</detailDescription>
<lastModifiedTime>1732728236000</lastModifiedTime>
</asset>
<asset>
<type>XLOGICALMODEL</type>
<path>Examples/Orders^Order Model</path>
<typeDescription>XLogicalModelAsset: [Examples/Orders^Order Model]</typeDescription>
<requiredBy>Examples/Analysis, Examples/ProductSales, Examples/ProductSales, Examples/Projection, Examples/Projection, Examples/Sales Explore</requiredBy>
<detailDescription>Assembly &#39;Orders&#39; in Data Worksheet depends on logical model &#39;Order Model&#39; in data source &#39;Examples/Orders&#39;. Assembly &#39;ProductInfo&#39; in Data Worksheet depends on logical model &#39;Order Model&#39; in data source &#39;Examples/Orders&#39;. Assembly &#39;SalesByDate&#39; in Data Worksheet depends on logical model &#39;Order Model&#39; in data source &#39;Examples/Orders&#39;. Assembly &#39;LastDate&#39; in Data Worksheet depends on logical model &#39;Order Model&#39; in data source &#39;Examples/Orders&#39;. Assembly &#39;Order Details&#39; in Data Worksheet depends on logical model &#39;Order Model&#39; in data source &#39;Examples/Orders&#39;. Assembly &#39;Sales&#39; in Data Worksheet depends on logical model &#39;Order Model&#39; in data source &#39;Examples/Orders&#39;.</detailDescription>
</asset>
<asset>
<type>XLOGICALMODEL</type>
<path>Examples/Orders^Return Model</path>
<typeDescription>XLogicalModelAsset: [Examples/Orders^Return Model]</typeDescription>
<requiredBy>Examples/Analysis</requiredBy>
<detailDescription>Assembly &#39;Returns&#39; in Data Worksheet depends on logical model &#39;Return Model&#39; in data source &#39;Examples/Orders&#39;.</detailDescription>
</asset>
<asset>
<type>XPARTITION</type>
<path>Examples/Orders^Order View</path>
<typeDescription>XPartitionAsset: [Examples/Orders^Order View]</typeDescription>
<requiredBy>Examples/Orders^Order Model, Examples/Orders^Return Model, Examples/Orders^Order Model, Examples/Orders^Order Model, Examples/Orders^Order Model</requiredBy>
<detailDescription>Logical model &#39;Order Model&#39; in data source &#39;Examples/Orders&#39; depends on Physical view &#39;Order View&#39;. Logical model &#39;Return Model&#39; in data source &#39;Examples/Orders&#39; depends on Physical view &#39;Order View&#39;. Logical model &#39;Order Model&#39; in data source &#39;Examples/Orders&#39; depends on Physical view &#39;Order View&#39;. Logical model &#39;Order Model&#39; in data source &#39;Examples/Orders&#39; depends on Physical view &#39;Order View&#39;. Logical model &#39;Order Model&#39; in data source &#39;Examples/Orders&#39; depends on Physical view &#39;Order View&#39;.</detailDescription>
</asset>
</assets>
<overwriting>false</overwriting>
</jarinfo>
